insert into tenant (id, tenant_code, tenant_name, status, created_at, updated_at)
values
  ('00000000-0000-0000-0000-000000000001', 'tenant-s08-demo', 'Houji Phase1 Demo Tenant', 'active', '2026-03-22 08:00:00+08', '2026-03-22 08:00:00+08')
on conflict (id) do nothing;

insert into sys_role (id, tenant_id, role_code, role_name, role_type, status, created_at, updated_at)
values
  ('00000000-0000-0000-0000-000000000111', '00000000-0000-0000-0000-000000000001', 'ROLE-S08-ADMIN', 'Platform Admin', 'tenant_admin', 'active', '2026-03-22 08:01:00+08', '2026-03-22 08:01:00+08'),
  ('00000000-0000-0000-0000-000000000112', '00000000-0000-0000-0000-000000000001', 'ROLE-S08-OPERATOR', 'Field Operator', 'operator', 'active', '2026-03-22 08:01:00+08', '2026-03-22 08:01:00+08'),
  ('00000000-0000-0000-0000-000000000113', '00000000-0000-0000-0000-000000000001', 'ROLE-S08-FARMER', 'Farmer', 'farmer', 'active', '2026-03-22 08:01:00+08', '2026-03-22 08:01:00+08')
on conflict (tenant_id, role_code) do nothing;

insert into sys_permission (id, permission_code, resource_code, action_code, created_at)
values
  ('00000000-0000-0000-0000-000000000141', 'dashboard.view', 'dashboard', 'view', '2026-03-22 08:02:00+08'),
  ('00000000-0000-0000-0000-000000000142', 'runtime.manage', 'runtime_session', 'manage', '2026-03-22 08:02:00+08'),
  ('00000000-0000-0000-0000-000000000143', 'order.view', 'irrigation_order', 'view', '2026-03-22 08:02:00+08'),
  ('00000000-0000-0000-0000-000000000144', 'workorder.process', 'work_order', 'process', '2026-03-22 08:02:00+08')
on conflict (permission_code) do nothing;

insert into sys_role_permission (id, role_id, permission_id, created_at)
values
  ('00000000-0000-0000-0000-000000000151', '00000000-0000-0000-0000-000000000111', '00000000-0000-0000-0000-000000000141', '2026-03-22 08:03:00+08'),
  ('00000000-0000-0000-0000-000000000152', '00000000-0000-0000-0000-000000000111', '00000000-0000-0000-0000-000000000142', '2026-03-22 08:03:00+08'),
  ('00000000-0000-0000-0000-000000000153', '00000000-0000-0000-0000-000000000111', '00000000-0000-0000-0000-000000000143', '2026-03-22 08:03:00+08'),
  ('00000000-0000-0000-0000-000000000154', '00000000-0000-0000-0000-000000000112', '00000000-0000-0000-0000-000000000142', '2026-03-22 08:03:00+08'),
  ('00000000-0000-0000-0000-000000000155', '00000000-0000-0000-0000-000000000112', '00000000-0000-0000-0000-000000000144', '2026-03-22 08:03:00+08'),
  ('00000000-0000-0000-0000-000000000156', '00000000-0000-0000-0000-000000000113', '00000000-0000-0000-0000-000000000143', '2026-03-22 08:03:00+08')
on conflict (id) do nothing;

insert into sys_user (id, tenant_id, user_type, display_name, mobile, status, created_at, updated_at)
values
  ('00000000-0000-0000-0000-000000000101', '00000000-0000-0000-0000-000000000001', 'farmer', 'farmer_s01', '13800000101', 'active', '2026-03-22 08:05:00+08', '2026-03-22 08:05:00+08'),
  ('00000000-0000-0000-0000-000000000102', '00000000-0000-0000-0000-000000000001', 'project_manager', 'admin_s08', '13800000102', 'active', '2026-03-22 08:06:00+08', '2026-03-22 08:06:00+08'),
  ('00000000-0000-0000-0000-000000000103', '00000000-0000-0000-0000-000000000001', 'operator', 'operator_s08', '13800000103', 'active', '2026-03-22 08:07:00+08', '2026-03-22 08:07:00+08'),
  ('00000000-0000-0000-0000-000000000104', '00000000-0000-0000-0000-000000000001', 'farmer', 'farmer_s06', '13800000104', 'active', '2026-03-22 08:08:00+08', '2026-03-22 08:08:00+08'),
  ('00000000-0000-0000-0000-000000000105', '00000000-0000-0000-0000-000000000001', 'farmer', 'farmer_s02', '13800000105', 'active', '2026-03-22 08:09:00+08', '2026-03-22 08:09:00+08'),
  ('00000000-0000-0000-0000-000000000106', '00000000-0000-0000-0000-000000000001', 'farmer', 'farmer_s05', '13800000106', 'active', '2026-03-22 08:10:00+08', '2026-03-22 08:10:00+08'),
  ('00000000-0000-0000-0000-000000000107', '00000000-0000-0000-0000-000000000001', 'operator', 'operator_s07', '13800000107', 'active', '2026-03-22 08:11:00+08', '2026-03-22 08:11:00+08')
on conflict (tenant_id, mobile) do nothing;

insert into sys_user_role (id, tenant_id, user_id, role_id, created_at)
values
  ('00000000-0000-0000-0000-000000000161', '00000000-0000-0000-0000-000000000001', '00000000-0000-0000-0000-000000000101', '00000000-0000-0000-0000-000000000113', '2026-03-22 08:12:00+08'),
  ('00000000-0000-0000-0000-000000000162', '00000000-0000-0000-0000-000000000001', '00000000-0000-0000-0000-000000000102', '00000000-0000-0000-0000-000000000111', '2026-03-22 08:12:00+08'),
  ('00000000-0000-0000-0000-000000000163', '00000000-0000-0000-0000-000000000001', '00000000-0000-0000-0000-000000000103', '00000000-0000-0000-0000-000000000112', '2026-03-22 08:12:00+08'),
  ('00000000-0000-0000-0000-000000000164', '00000000-0000-0000-0000-000000000001', '00000000-0000-0000-0000-000000000104', '00000000-0000-0000-0000-000000000113', '2026-03-22 08:12:00+08'),
  ('00000000-0000-0000-0000-000000000165', '00000000-0000-0000-0000-000000000001', '00000000-0000-0000-0000-000000000105', '00000000-0000-0000-0000-000000000113', '2026-03-22 08:12:00+08'),
  ('00000000-0000-0000-0000-000000000166', '00000000-0000-0000-0000-000000000001', '00000000-0000-0000-0000-000000000106', '00000000-0000-0000-0000-000000000113', '2026-03-22 08:12:00+08'),
  ('00000000-0000-0000-0000-000000000167', '00000000-0000-0000-0000-000000000001', '00000000-0000-0000-0000-000000000107', '00000000-0000-0000-0000-000000000112', '2026-03-22 08:12:00+08')
on conflict (id) do nothing;

insert into region (id, tenant_id, parent_id, region_code, region_name, region_type, full_path, manager_user_id, status, created_at, updated_at)
values
  ('00000000-0000-0000-0000-000000000201', '00000000-0000-0000-0000-000000000001', null, '61', 'Shaanxi Province', 'province', '/61', '00000000-0000-0000-0000-000000000102', 'active', '2026-03-22 08:20:00+08', '2026-03-22 08:20:00+08'),
  ('00000000-0000-0000-0000-000000000202', '00000000-0000-0000-0000-000000000001', '00000000-0000-0000-0000-000000000201', '6104', 'Xianyang City', 'city', '/61/6104', '00000000-0000-0000-0000-000000000103', 'active', '2026-03-22 08:21:00+08', '2026-03-22 08:21:00+08'),
  ('00000000-0000-0000-0000-000000000203', '00000000-0000-0000-0000-000000000001', '00000000-0000-0000-0000-000000000202', '610431', 'Wugong County', 'county', '/61/6104/610431', '00000000-0000-0000-0000-000000000103', 'active', '2026-03-22 08:22:00+08', '2026-03-22 08:22:00+08'),
  ('00000000-0000-0000-0000-000000000204', '00000000-0000-0000-0000-000000000001', '00000000-0000-0000-0000-000000000203', '610431001', 'Puju Town', 'town', '/61/6104/610431/610431001', '00000000-0000-0000-0000-000000000103', 'active', '2026-03-22 08:23:00+08', '2026-03-22 08:23:00+08'),
  ('00000000-0000-0000-0000-000000000205', '00000000-0000-0000-0000-000000000001', '00000000-0000-0000-0000-000000000204', '610431001001', 'East Village', 'village', '/61/6104/610431/610431001/610431001001', '00000000-0000-0000-0000-000000000103', 'active', '2026-03-22 08:23:30+08', '2026-03-22 08:23:30+08'),
  ('00000000-0000-0000-0000-000000000206', '00000000-0000-0000-0000-000000000001', '00000000-0000-0000-0000-000000000204', '610431001002', 'South Village', 'village', '/61/6104/610431/610431001/610431001002', '00000000-0000-0000-0000-000000000103', 'active', '2026-03-22 08:24:00+08', '2026-03-22 08:24:00+08'),
  ('00000000-0000-0000-0000-000000000207', '00000000-0000-0000-0000-000000000001', '00000000-0000-0000-0000-000000000204', '610431001003', 'West Village', 'village', '/61/6104/610431/610431001/610431001003', '00000000-0000-0000-0000-000000000103', 'active', '2026-03-22 08:24:30+08', '2026-03-22 08:24:30+08'),
  ('00000000-0000-0000-0000-000000000208', '00000000-0000-0000-0000-000000000001', '00000000-0000-0000-0000-000000000204', '610431001004', 'North Village', 'village', '/61/6104/610431/610431001/610431001004', '00000000-0000-0000-0000-000000000103', 'active', '2026-03-22 08:25:00+08', '2026-03-22 08:25:00+08'),
  ('00000000-0000-0000-0000-000000000209', '00000000-0000-0000-0000-000000000001', '00000000-0000-0000-0000-000000000204', '610431001005', 'Central Village', 'village', '/61/6104/610431/610431001/610431001005', '00000000-0000-0000-0000-000000000103', 'active', '2026-03-22 08:25:30+08', '2026-03-22 08:25:30+08')
on conflict (tenant_id, region_code) do nothing;

insert into sys_data_scope (id, tenant_id, role_id, scope_type, scope_ref_id, scope_rule_json, created_at)
values
  ('00000000-0000-0000-0000-000000000171', '00000000-0000-0000-0000-000000000001', '00000000-0000-0000-0000-000000000111', 'region', '00000000-0000-0000-0000-000000000201', '{"scenarioCode":"S08"}'::jsonb, '2026-03-22 08:26:00+08'),
  ('00000000-0000-0000-0000-000000000172', '00000000-0000-0000-0000-000000000001', '00000000-0000-0000-0000-000000000112', 'region', '00000000-0000-0000-0000-000000000202', '{"scenarioCode":"S07"}'::jsonb, '2026-03-22 08:26:00+08'),
  ('00000000-0000-0000-0000-000000000173', '00000000-0000-0000-0000-000000000001', '00000000-0000-0000-0000-000000000113', 'region', '00000000-0000-0000-0000-000000000204', '{"scenarioCode":"S01"}'::jsonb, '2026-03-22 08:26:00+08')
on conflict (id) do nothing;
