insert into device_type (id, tenant_id, type_code, type_name, family, capability_json, default_config_json, form_schema_json, status, created_at, updated_at)
values
  ('00000000-0000-0000-0000-000000000301', '00000000-0000-0000-0000-000000000001', 'TYPE-S08-WELL', 'Well Controller', 'well', '{"protocol":"modbus","metrics":["pressure","flow","runtime"]}'::jsonb, '{"runtimeDefaults":{"idleTimeoutSeconds":180}}'::jsonb, '{}'::jsonb, 'active', '2026-03-22 08:30:00+08', '2026-03-22 08:30:00+08'),
  ('00000000-0000-0000-0000-000000000302', '00000000-0000-0000-0000-000000000001', 'TYPE-S08-PUMP', 'Pump Controller', 'pump', '{"protocol":"modbus","metrics":["power","current","temperature"]}'::jsonb, '{}'::jsonb, '{}'::jsonb, 'active', '2026-03-22 08:30:00+08', '2026-03-22 08:30:00+08'),
  ('00000000-0000-0000-0000-000000000303', '00000000-0000-0000-0000-000000000001', 'TYPE-S08-VALVE', 'Valve Controller', 'valve', '{"protocol":"modbus","metrics":["position","open_count"]}'::jsonb, '{}'::jsonb, '{}'::jsonb, 'active', '2026-03-22 08:30:00+08', '2026-03-22 08:30:00+08'),
  ('00000000-0000-0000-0000-000000000304', '00000000-0000-0000-0000-000000000001', 'TYPE-S08-METER', 'Water Meter Collector', 'sensor', '{"protocol":"modbus","metrics":["volume","flow_rate"]}'::jsonb, '{}'::jsonb, '{}'::jsonb, 'active', '2026-03-22 08:30:00+08', '2026-03-22 08:30:00+08')
on conflict (tenant_id, type_code) do nothing;

insert into device (id, tenant_id, device_type_id, region_id, device_code, device_name, serial_no, protocol_type, protocol_version, imei, online_state, connection_state, lifecycle_state, runtime_state, install_time, last_heartbeat_at, ext_json, protocol_config_json, created_at, updated_at)
values
  ('00000000-0000-0000-0000-000000000401', '00000000-0000-0000-0000-000000000001', '00000000-0000-0000-0000-000000000301', '00000000-0000-0000-0000-000000000204', 'DEV-S01-WELL-001', 'S01 Well Main Controller', 'SN-S01-WELL-001', 'modbus', 'tcp-json-v1', '860000000000401', 'online', 'connected', 'active', 'idle', '2026-03-20 08:00:00+08', '2026-03-22 08:40:00+08', '{"scenarioCode":"S01"}'::jsonb, '{"deviceKeyStrategy":"imei"}'::jsonb, '2026-03-22 08:40:00+08', '2026-03-22 08:40:00+08'),
  ('00000000-0000-0000-0000-000000000411', '00000000-0000-0000-0000-000000000001', '00000000-0000-0000-0000-000000000302', '00000000-0000-0000-0000-000000000204', 'DEV-S01-PUMP-001', 'S01 Pump Controller', 'SN-S01-PUMP-001', 'modbus', 'tcp-json-v1', '860000000000411', 'online', 'connected', 'active', 'idle', '2026-03-20 08:05:00+08', '2026-03-22 08:41:00+08', '{"model":"PUMP-S01-5.5KW","scenarioCode":"S01"}'::jsonb, '{"deviceKeyStrategy":"imei"}'::jsonb, '2026-03-22 08:41:00+08', '2026-03-22 08:41:00+08'),
  ('00000000-0000-0000-0000-000000000421', '00000000-0000-0000-0000-000000000001', '00000000-0000-0000-0000-000000000303', '00000000-0000-0000-0000-000000000204', 'DEV-S01-VALVE-001', 'S01 Valve', 'SN-S01-VALVE-001', 'modbus', 'tcp-json-v1', '860000000000421', 'online', 'connected', 'active', 'idle', '2026-03-20 08:10:00+08', '2026-03-22 08:42:00+08', '{"scenarioCode":"S01"}'::jsonb, '{"deviceKeyStrategy":"imei"}'::jsonb, '2026-03-22 08:42:00+08', '2026-03-22 08:42:00+08'),
  ('00000000-0000-0000-0000-000000000431', '00000000-0000-0000-0000-000000000001', '00000000-0000-0000-0000-000000000304', '00000000-0000-0000-0000-000000000204', 'DEV-S01-METER-001', 'S01 Meter', 'SN-S01-METER-001', 'modbus', 'tcp-json-v1', '860000000000431', 'online', 'connected', 'active', 'idle', '2026-03-20 08:12:00+08', '2026-03-22 08:43:00+08', '{"scenarioCode":"S01"}'::jsonb, '{"deviceKeyStrategy":"imei"}'::jsonb, '2026-03-22 08:43:00+08', '2026-03-22 08:43:00+08'),
  ('00000000-0000-0000-0000-000000000402', '00000000-0000-0000-0000-000000000001', '00000000-0000-0000-0000-000000000301', '00000000-0000-0000-0000-000000000209', 'DEV-S02-WELL-001', 'S02 Well Main Controller', 'SN-S02-WELL-001', 'modbus', 'tcp-json-v1', '860000000000402', 'online', 'connected', 'active', 'idle', '2026-03-20 09:00:00+08', '2026-03-22 08:44:00+08', '{"scenarioCode":"S02"}'::jsonb, '{"deviceKeyStrategy":"imei"}'::jsonb, '2026-03-22 08:44:00+08', '2026-03-22 08:44:00+08'),
  ('00000000-0000-0000-0000-000000000412', '00000000-0000-0000-0000-000000000001', '00000000-0000-0000-0000-000000000302', '00000000-0000-0000-0000-000000000209', 'DEV-S02-PUMP-001', 'S02 Pump Controller', 'SN-S02-PUMP-001', 'modbus', 'tcp-json-v1', '860000000000412', 'online', 'connected', 'active', 'idle', '2026-03-20 09:05:00+08', '2026-03-22 08:45:00+08', '{"model":"PUMP-S02-5.5KW","scenarioCode":"S02"}'::jsonb, '{"deviceKeyStrategy":"imei"}'::jsonb, '2026-03-22 08:45:00+08', '2026-03-22 08:45:00+08'),
  ('00000000-0000-0000-0000-000000000422', '00000000-0000-0000-0000-000000000001', '00000000-0000-0000-0000-000000000303', '00000000-0000-0000-0000-000000000209', 'DEV-S02-VALVE-001', 'S02 Valve', 'SN-S02-VALVE-001', 'modbus', 'tcp-json-v1', '860000000000422', 'online', 'connected', 'active', 'idle', '2026-03-20 09:10:00+08', '2026-03-22 08:46:00+08', '{"scenarioCode":"S02"}'::jsonb, '{"deviceKeyStrategy":"imei"}'::jsonb, '2026-03-22 08:46:00+08', '2026-03-22 08:46:00+08'),
  ('00000000-0000-0000-0000-000000000403', '00000000-0000-0000-0000-000000000001', '00000000-0000-0000-0000-000000000301', '00000000-0000-0000-0000-000000000207', 'DEV-S03-WELL-001', 'S03 Well Main Controller', 'SN-S03-WELL-001', 'modbus', 'tcp-json-v1', '860000000000403', 'online', 'connected', 'active', 'idle', '2026-03-20 10:00:00+08', '2026-03-22 08:47:00+08', '{"scenarioCode":"S03"}'::jsonb, '{"deviceKeyStrategy":"imei"}'::jsonb, '2026-03-22 08:47:00+08', '2026-03-22 08:47:00+08'),
  ('00000000-0000-0000-0000-000000000413', '00000000-0000-0000-0000-000000000001', '00000000-0000-0000-0000-000000000302', '00000000-0000-0000-0000-000000000207', 'DEV-S03-PUMP-001', 'S03 Pump Controller', 'SN-S03-PUMP-001', 'modbus', 'tcp-json-v1', '860000000000413', 'online', 'connected', 'active', 'idle', '2026-03-20 10:05:00+08', '2026-03-22 08:48:00+08', '{"model":"PUMP-S03-5.0KW","scenarioCode":"S03"}'::jsonb, '{"deviceKeyStrategy":"imei"}'::jsonb, '2026-03-22 08:48:00+08', '2026-03-22 08:48:00+08'),
  ('00000000-0000-0000-0000-000000000423', '00000000-0000-0000-0000-000000000001', '00000000-0000-0000-0000-000000000303', '00000000-0000-0000-0000-000000000207', 'DEV-S03-VALVE-001', 'S03 Valve', 'SN-S03-VALVE-001', 'modbus', 'tcp-json-v1', '860000000000423', 'online', 'connected', 'active', 'idle', '2026-03-20 10:10:00+08', '2026-03-22 08:49:00+08', '{"scenarioCode":"S03"}'::jsonb, '{"deviceKeyStrategy":"imei"}'::jsonb, '2026-03-22 08:49:00+08', '2026-03-22 08:49:00+08'),
  ('00000000-0000-0000-0000-000000000404', '00000000-0000-0000-0000-000000000001', '00000000-0000-0000-0000-000000000301', '00000000-0000-0000-0000-000000000208', 'DEV-S04-WELL-001', 'S04 Well Main Controller', 'SN-S04-WELL-001', 'modbus', 'tcp-json-v1', '860000000000404', 'online', 'connected', 'active', 'idle', '2026-03-20 11:00:00+08', '2026-03-22 08:50:00+08', '{"scenarioCode":"S04"}'::jsonb, '{"deviceKeyStrategy":"imei"}'::jsonb, '2026-03-22 08:50:00+08', '2026-03-22 08:50:00+08'),
  ('00000000-0000-0000-0000-000000000414', '00000000-0000-0000-0000-000000000001', '00000000-0000-0000-0000-000000000302', '00000000-0000-0000-0000-000000000208', 'DEV-S04-PUMP-001', 'S04 Pump Controller', 'SN-S04-PUMP-001', 'modbus', 'tcp-json-v1', '860000000000414', 'online', 'connected', 'active', 'idle', '2026-03-20 11:05:00+08', '2026-03-22 08:51:00+08', '{"model":"PUMP-S04-5.2KW","scenarioCode":"S04"}'::jsonb, '{"deviceKeyStrategy":"imei"}'::jsonb, '2026-03-22 08:51:00+08', '2026-03-22 08:51:00+08'),
  ('00000000-0000-0000-0000-000000000424', '00000000-0000-0000-0000-000000000001', '00000000-0000-0000-0000-000000000303', '00000000-0000-0000-0000-000000000208', 'DEV-S04-VALVE-001', 'S04 Valve', 'SN-S04-VALVE-001', 'modbus', 'tcp-json-v1', '860000000000424', 'offline', 'disconnected', 'active', 'idle', '2026-03-20 11:10:00+08', '2026-03-22 06:30:00+08', '{"scenarioCode":"S04"}'::jsonb, '{"deviceKeyStrategy":"imei"}'::jsonb, '2026-03-22 06:30:00+08', '2026-03-22 06:30:00+08'),
  ('00000000-0000-0000-0000-000000000405', '00000000-0000-0000-0000-000000000001', '00000000-0000-0000-0000-000000000301', '00000000-0000-0000-0000-000000000205', 'DEV-S05-WELL-001', 'S05 Well Main Controller', 'SN-S05-WELL-001', 'modbus', 'tcp-json-v1', '860000000000405', 'online', 'connected', 'active', 'idle', '2026-03-20 12:00:00+08', '2026-03-22 08:52:00+08', '{"scenarioCode":"S05"}'::jsonb, '{"deviceKeyStrategy":"imei"}'::jsonb, '2026-03-22 08:52:00+08', '2026-03-22 08:52:00+08'),
  ('00000000-0000-0000-0000-000000000415', '00000000-0000-0000-0000-000000000001', '00000000-0000-0000-0000-000000000302', '00000000-0000-0000-0000-000000000205', 'DEV-S05-PUMP-001', 'S05 Pump Controller', 'SN-S05-PUMP-001', 'modbus', 'tcp-json-v1', '860000000000415', 'online', 'connected', 'active', 'idle', '2026-03-20 12:05:00+08', '2026-03-22 08:53:00+08', '{"model":"PUMP-S05-4.5KW","scenarioCode":"S05"}'::jsonb, '{"deviceKeyStrategy":"imei"}'::jsonb, '2026-03-22 08:53:00+08', '2026-03-22 08:53:00+08'),
  ('00000000-0000-0000-0000-000000000425', '00000000-0000-0000-0000-000000000001', '00000000-0000-0000-0000-000000000303', '00000000-0000-0000-0000-000000000205', 'DEV-S05-VALVE-001', 'S05 Valve', 'SN-S05-VALVE-001', 'modbus', 'tcp-json-v1', '860000000000425', 'online', 'connected', 'active', 'idle', '2026-03-20 12:10:00+08', '2026-03-22 08:54:00+08', '{"scenarioCode":"S05"}'::jsonb, '{"deviceKeyStrategy":"imei"}'::jsonb, '2026-03-22 08:54:00+08', '2026-03-22 08:54:00+08'),
  ('00000000-0000-0000-0000-000000000406', '00000000-0000-0000-0000-000000000001', '00000000-0000-0000-0000-000000000301', '00000000-0000-0000-0000-000000000206', 'DEV-S06-WELL-001', 'S06 Well Main Controller', 'SN-S06-WELL-001', 'modbus', 'tcp-json-v1', '860000000000406', 'online', 'connected', 'active', 'running', '2026-03-20 13:00:00+08', '2026-03-22 11:20:00+08', '{"scenarioCode":"S06"}'::jsonb, '{"deviceKeyStrategy":"imei"}'::jsonb, '2026-03-22 08:55:00+08', '2026-03-22 11:20:00+08'),
  ('00000000-0000-0000-0000-000000000416', '00000000-0000-0000-0000-000000000001', '00000000-0000-0000-0000-000000000302', '00000000-0000-0000-0000-000000000206', 'DEV-S06-PUMP-001', 'S06 Pump Controller', 'SN-S06-PUMP-001', 'modbus', 'tcp-json-v1', '860000000000416', 'online', 'connected', 'active', 'running', '2026-03-20 13:05:00+08', '2026-03-22 11:20:00+08', '{"model":"PUMP-S06-7.5KW","scenarioCode":"S06"}'::jsonb, '{"deviceKeyStrategy":"imei"}'::jsonb, '2026-03-22 08:56:00+08', '2026-03-22 11:20:00+08'),
  ('00000000-0000-0000-0000-000000000426', '00000000-0000-0000-0000-000000000001', '00000000-0000-0000-0000-000000000303', '00000000-0000-0000-0000-000000000206', 'DEV-S06-VALVE-001', 'S06 Valve', 'SN-S06-VALVE-001', 'modbus', 'tcp-json-v1', '860000000000426', 'online', 'connected', 'active', 'running', '2026-03-20 13:10:00+08', '2026-03-22 11:20:00+08', '{"scenarioCode":"S06"}'::jsonb, '{"deviceKeyStrategy":"imei"}'::jsonb, '2026-03-22 08:57:00+08', '2026-03-22 11:20:00+08'),
  ('00000000-0000-0000-0000-000000000407', '00000000-0000-0000-0000-000000000001', '00000000-0000-0000-0000-000000000301', '00000000-0000-0000-0000-000000000203', 'DEV-S08-WELL-001', 'S08 Well Main Controller', 'SN-S08-WELL-001', 'modbus', 'tcp-json-v1', '860000000000407', 'online', 'connected', 'active', 'idle', '2026-03-20 14:00:00+08', '2026-03-22 08:58:00+08', '{"scenarioCode":"S08"}'::jsonb, '{"deviceKeyStrategy":"imei"}'::jsonb, '2026-03-22 08:58:00+08', '2026-03-22 08:58:00+08'),
  ('00000000-0000-0000-0000-000000000417', '00000000-0000-0000-0000-000000000001', '00000000-0000-0000-0000-000000000302', '00000000-0000-0000-0000-000000000203', 'DEV-S08-PUMP-001', 'S08 Pump Controller', 'SN-S08-PUMP-001', 'modbus', 'tcp-json-v1', '860000000000417', 'online', 'connected', 'active', 'idle', '2026-03-20 14:05:00+08', '2026-03-22 08:59:00+08', '{"model":"PUMP-S08-4.0KW","scenarioCode":"S08"}'::jsonb, '{"deviceKeyStrategy":"imei"}'::jsonb, '2026-03-22 08:59:00+08', '2026-03-22 08:59:00+08'),
  ('00000000-0000-0000-0000-000000000427', '00000000-0000-0000-0000-000000000001', '00000000-0000-0000-0000-000000000303', '00000000-0000-0000-0000-000000000203', 'DEV-S08-VALVE-001', 'S08 Valve', 'SN-S08-VALVE-001', 'modbus', 'tcp-json-v1', '860000000000427', 'online', 'connected', 'active', 'idle', '2026-03-20 14:10:00+08', '2026-03-22 09:00:00+08', '{"scenarioCode":"S08"}'::jsonb, '{"deviceKeyStrategy":"imei"}'::jsonb, '2026-03-22 09:00:00+08', '2026-03-22 09:00:00+08')
on conflict (tenant_id, device_code) do nothing;

insert into well (id, tenant_id, device_id, well_code, water_source_type, rated_flow, rated_pressure, max_concurrency, safety_profile_json, created_at, updated_at)
values
  ('00000000-0000-0000-0000-000000000501', '00000000-0000-0000-0000-000000000001', '00000000-0000-0000-0000-000000000401', 'WELL-S01-001', 'groundwater', 18.50, 10.00, 1, '{"scenarioCode":"S01","displayName":"S01 Normal Start Stop Well","depthMeters":120,"dailyUsage":32.5,"monthlyUsage":460.0,"flowRate":18.5}'::jsonb, '2026-03-22 09:10:00+08', '2026-03-22 09:10:00+08'),
  ('00000000-0000-0000-0000-000000000502', '00000000-0000-0000-0000-000000000001', '00000000-0000-0000-0000-000000000402', 'WELL-S02-001', 'groundwater', 16.00, 9.50, 1, '{"scenarioCode":"S02","displayName":"S02 Insufficient Balance Well","depthMeters":96,"dailyUsage":18.0,"monthlyUsage":210.0,"flowRate":12.0}'::jsonb, '2026-03-22 09:11:00+08', '2026-03-22 09:11:00+08'),
  ('00000000-0000-0000-0000-000000000503', '00000000-0000-0000-0000-000000000001', '00000000-0000-0000-0000-000000000403', 'WELL-S03-001', 'groundwater', 14.00, 9.00, 1, '{"scenarioCode":"S03","displayName":"S03 Policy Missing Well","depthMeters":88,"dailyUsage":10.0,"monthlyUsage":160.0,"flowRate":9.5}'::jsonb, '2026-03-22 09:12:00+08', '2026-03-22 09:12:00+08'),
  ('00000000-0000-0000-0000-000000000504', '00000000-0000-0000-0000-000000000001', '00000000-0000-0000-0000-000000000404', 'WELL-S04-001', 'groundwater', 14.50, 9.20, 1, '{"scenarioCode":"S04","displayName":"S04 Topology Blocked Well","depthMeters":102,"dailyUsage":9.0,"monthlyUsage":140.0,"flowRate":10.0}'::jsonb, '2026-03-22 09:13:00+08', '2026-03-22 09:13:00+08'),
  ('00000000-0000-0000-0000-000000000505', '00000000-0000-0000-0000-000000000001', '00000000-0000-0000-0000-000000000405', 'WELL-S05-001', 'groundwater', 15.20, 9.80, 1, '{"scenarioCode":"S05","displayName":"S05 Free Package Well","depthMeters":110,"dailyUsage":22.0,"monthlyUsage":260.0,"flowRate":11.2}'::jsonb, '2026-03-22 09:14:00+08', '2026-03-22 09:14:00+08'),
  ('00000000-0000-0000-0000-000000000506', '00000000-0000-0000-0000-000000000001', '00000000-0000-0000-0000-000000000406', 'WELL-S06-001', 'groundwater', 20.00, 10.50, 1, '{"scenarioCode":"S06","displayName":"S06 Active Session Well","depthMeters":126,"dailyUsage":41.0,"monthlyUsage":520.0,"flowRate":20.0}'::jsonb, '2026-03-22 09:15:00+08', '2026-03-22 09:15:00+08'),
  ('00000000-0000-0000-0000-000000000507', '00000000-0000-0000-0000-000000000001', '00000000-0000-0000-0000-000000000407', 'WELL-S08-001', 'surface_water', 11.80, 8.50, 2, '{"scenarioCode":"S08","displayName":"S08 Baseline Well","depthMeters":76,"dailyUsage":14.0,"monthlyUsage":180.0,"flowRate":8.0}'::jsonb, '2026-03-22 09:16:00+08', '2026-03-22 09:16:00+08')
on conflict (tenant_id, well_code) do nothing;

insert into pump (id, tenant_id, device_id, well_id, pump_code, rated_power_kw, startup_timeout_sec, stop_timeout_sec, power_meter_device_id, created_at, updated_at)
values
  ('00000000-0000-0000-0000-000000000601', '00000000-0000-0000-0000-000000000001', '00000000-0000-0000-0000-000000000411', '00000000-0000-0000-0000-000000000501', 'PUMP-S01-001', 5.50, 30, 30, '00000000-0000-0000-0000-000000000431', '2026-03-22 09:20:00+08', '2026-03-22 09:20:00+08'),
  ('00000000-0000-0000-0000-000000000602', '00000000-0000-0000-0000-000000000001', '00000000-0000-0000-0000-000000000412', '00000000-0000-0000-0000-000000000502', 'PUMP-S02-001', 5.50, 30, 30, null, '2026-03-22 09:21:00+08', '2026-03-22 09:21:00+08'),
  ('00000000-0000-0000-0000-000000000603', '00000000-0000-0000-0000-000000000001', '00000000-0000-0000-0000-000000000413', '00000000-0000-0000-0000-000000000503', 'PUMP-S03-001', 4.80, 30, 30, null, '2026-03-22 09:22:00+08', '2026-03-22 09:22:00+08'),
  ('00000000-0000-0000-0000-000000000604', '00000000-0000-0000-0000-000000000001', '00000000-0000-0000-0000-000000000414', '00000000-0000-0000-0000-000000000504', 'PUMP-S04-001', 5.20, 30, 30, null, '2026-03-22 09:23:00+08', '2026-03-22 09:23:00+08'),
  ('00000000-0000-0000-0000-000000000605', '00000000-0000-0000-0000-000000000001', '00000000-0000-0000-0000-000000000415', '00000000-0000-0000-0000-000000000505', 'PUMP-S05-001', 4.50, 30, 30, null, '2026-03-22 09:24:00+08', '2026-03-22 09:24:00+08'),
  ('00000000-0000-0000-0000-000000000606', '00000000-0000-0000-0000-000000000001', '00000000-0000-0000-0000-000000000416', '00000000-0000-0000-0000-000000000506', 'PUMP-S06-001', 7.50, 30, 30, null, '2026-03-22 09:25:00+08', '2026-03-22 09:25:00+08'),
  ('00000000-0000-0000-0000-000000000607', '00000000-0000-0000-0000-000000000001', '00000000-0000-0000-0000-000000000417', '00000000-0000-0000-0000-000000000507', 'PUMP-S08-001', 4.00, 30, 30, null, '2026-03-22 09:26:00+08', '2026-03-22 09:26:00+08')
on conflict (tenant_id, pump_code) do nothing;

insert into valve (id, tenant_id, device_id, well_id, valve_code, valve_kind, open_timeout_sec, close_timeout_sec, farmland_region_id, created_at, updated_at)
values
  ('00000000-0000-0000-0000-000000000701', '00000000-0000-0000-0000-000000000001', '00000000-0000-0000-0000-000000000421', '00000000-0000-0000-0000-000000000501', 'VALVE-S01-001', 'electromagnetic', 15, 15, '00000000-0000-0000-0000-000000000204', '2026-03-22 09:30:00+08', '2026-03-22 09:30:00+08'),
  ('00000000-0000-0000-0000-000000000702', '00000000-0000-0000-0000-000000000001', '00000000-0000-0000-0000-000000000422', '00000000-0000-0000-0000-000000000502', 'VALVE-S02-001', 'electromagnetic', 15, 15, '00000000-0000-0000-0000-000000000209', '2026-03-22 09:31:00+08', '2026-03-22 09:31:00+08'),
  ('00000000-0000-0000-0000-000000000703', '00000000-0000-0000-0000-000000000001', '00000000-0000-0000-0000-000000000423', '00000000-0000-0000-0000-000000000503', 'VALVE-S03-001', 'electromagnetic', 15, 15, '00000000-0000-0000-0000-000000000207', '2026-03-22 09:32:00+08', '2026-03-22 09:32:00+08'),
  ('00000000-0000-0000-0000-000000000704', '00000000-0000-0000-0000-000000000001', '00000000-0000-0000-0000-000000000424', '00000000-0000-0000-0000-000000000504', 'VALVE-S04-001', 'electromagnetic', 15, 15, '00000000-0000-0000-0000-000000000208', '2026-03-22 09:33:00+08', '2026-03-22 09:33:00+08'),
  ('00000000-0000-0000-0000-000000000705', '00000000-0000-0000-0000-000000000001', '00000000-0000-0000-0000-000000000425', '00000000-0000-0000-0000-000000000505', 'VALVE-S05-001', 'electromagnetic', 15, 15, '00000000-0000-0000-0000-000000000205', '2026-03-22 09:34:00+08', '2026-03-22 09:34:00+08'),
  ('00000000-0000-0000-0000-000000000706', '00000000-0000-0000-0000-000000000001', '00000000-0000-0000-0000-000000000426', '00000000-0000-0000-0000-000000000506', 'VALVE-S06-001', 'electromagnetic', 15, 15, '00000000-0000-0000-0000-000000000206', '2026-03-22 09:35:00+08', '2026-03-22 09:35:00+08'),
  ('00000000-0000-0000-0000-000000000707', '00000000-0000-0000-0000-000000000001', '00000000-0000-0000-0000-000000000427', '00000000-0000-0000-0000-000000000507', 'VALVE-S08-001', 'electromagnetic', 15, 15, '00000000-0000-0000-0000-000000000203', '2026-03-22 09:36:00+08', '2026-03-22 09:36:00+08')
on conflict (tenant_id, valve_code) do nothing;

update device
set
  online_state = 'offline',
  connection_state = 'disconnected',
  lifecycle_state = 'active',
  runtime_state = 'idle',
  updated_at = '2026-03-22 06:30:00+08'
where tenant_id = '00000000-0000-0000-0000-000000000001'
  and id = '00000000-0000-0000-0000-000000000424';
